case_no,Player,Year,Age,Tm,G,GS,Cmp,Att,Yds,TD,Int,Sk
1,Peyton Manning\MannPe00,2013,37,DEN,16,16,450,659,5477,55,10,18
2,Tom Brady\BradTo00,2007,30,NWE,16,16,398,578,4806,50,8,21
3,Peyton Manning\MannPe00,2004,28,IND,16,16,336,497,4557,49,10,13
4,Drew Brees\BreeDr00,2011,32,NOR,16,16,468,657,5476,46,14,24
5,Aaron Rodgers\RodgAa00,2011,28,GNB,15,15,343,502,4643,45,6,36
6,Drew Brees\BreeDr00,2012,33,NOR,16,16,422,670,5177,43,19,26
7,Matthew Stafford\StafMa00,2011,23,DET,16,16,421,663,5038,41,16,36
8,Andrew Luck\LuckAn00,2014,25,IND,16,16,380,616,4761,40,16,27
9,Aaron Rodgers\RodgAa00,2016,33,GNB,16,16,401,610,4428,40,7,35
10,Tom Brady\BradTo00,2011,34,NWE,16,16,401,611,5235,39,12,32
11,Drew Brees\BreeDr00,2013,34,NOR,16,16,446,650,5162,39,12,37
12,Daunte Culpepper\CulpDa00,2004,27,MIN,16,16,379,548,4717,39,11,46
13,Peyton Manning\MannPe00,2014,38,DEN,16,16,395,597,4727,39,15,17
14,Aaron Rodgers\RodgAa00,2012,29,GNB,16,16,371,552,4761,39,8,51
15,Aaron Rodgers\RodgAa00,2014,31,GNB,16,16,341,520,4381,38,5,28
16,Matt Ryan\RyanMa00,2016,31,ATL,16,16,373,534,4944,38,7,37
17,Drew Brees\BreeDr00,2016,37,NOR,16,16,471,673,5208,37,15,27
18,Peyton Manning\MannPe00,2012,36,DEN,16,16,400,583,4659,37,11,21
19,Tom Brady\BradTo00,2015,38,NWE,16,16,402,624,4770,36,7,38
20,Tom Brady\BradTo00,2010,33,NWE,16,16,324,492,3900,36,4,25
21,Tony Romo\RomoTo00,2007,27,DAL,16,16,335,520,4211,36,19,24
22,Kurt Warner*\WarnKu00,2001,30,STL,16,16,375,546,4830,36,17,38
23,Blake Bortles\BortBl00,2015,23,JAX,16,16,355,606,4428,35,18,51
24,Eli Manning\MannEl00,2015,34,NYG,16,16,387,618,4432,35,14,27
25,Cam Newton\NewtCa00,2015,26,CAR,16,16,296,495,3837,35,10,33
26,Carson Palmer\PalmCa00,2015,36,ARI,16,16,342,537,4671,35,11,25
27,Tom Brady\BradTo00,2012,35,NWE,16,16,401,637,4827,34,8,27
28,Drew Brees\BreeDr00,2008,29,NOR,16,16,413,635,5069,34,17,13
29,Drew Brees\BreeDr00,2009,30,NOR,15,15,363,514,4388,34,11,20
30,Philip Rivers\RivePh00,2008,27,SDG,16,16,312,478,4009,34,11,25
31,Tony Romo\RomoTo00,2014,34,DAL,15,15,304,435,3705,34,9,29
32,Russell Wilson\WilsRu00,2017,29,SEA,16,16,339,553,3983,34,11,43
33,Russell Wilson\WilsRu00,2015,27,SEA,16,16,329,483,4024,34,8,45
34,Tom Brady\BradTo00,2014,37,NWE,16,16,373,582,4529,33,9,21
35,Drew Brees\BreeDr00,2010,31,NOR,16,16,448,658,4620,33,22,25
36,Drew Brees\BreeDr00,2014,35,NOR,16,16,456,659,4952,33,17,29
37,Daunte Culpepper\CulpDa00,2000,23,MIN,16,16,297,474,3937,33,16,34
38,Andy Dalton\DaltAn00,2013,26,CIN,16,16,363,586,4293,33,20,29
39,Brett Favre*\FavrBr00,2009,40,MIN,16,16,363,531,4202,33,7,34
40,Peyton Manning\MannPe00,2000,24,IND,16,16,357,571,4413,33,15,20
41,Peyton Manning\MannPe00,2009,33,IND,16,16,393,571,4500,33,16,10
42,Peyton Manning\MannPe00,2010,34,IND,16,16,450,679,4700,33,17,16
43,Philip Rivers\RivePh00,2016,35,SDG,16,16,349,578,4386,33,21,36
44,Carson Wentz\WentCa00,2017,25,PHI,13,13,265,440,3296,33,7,28
45,Tom Brady\BradTo00,2017,40,NWE,16,16,385,581,4577,32,8,35
46,Drew Brees\BreeDr00,2015,36,NOR,15,15,428,627,4870,32,11,31
47,Derek Carr\CarrDe02,2015,24,OAK,16,16,350,573,3987,32,13,31
48,Brett Favre*\FavrBr00,2001,32,GNB,16,16,314,510,3921,32,15,22
49,Brett Favre*\FavrBr00,2003,34,GNB,16,16,308,471,3361,32,21,19
50,Jeff Garcia\GarcJe00,2001,31,SFO,16,16,316,504,3538,32,12,26
51,Carson Palmer\PalmCa00,2005,26,CIN,16,16,345,509,3836,32,12,19
52,Philip Rivers\RivePh00,2013,32,SDG,16,16,378,544,4478,32,11,30
53,Ben Roethlisberger\RoetBe00,2007,25,PIT,15,15,264,404,3154,32,11,47
54,Ben Roethlisberger\RoetBe00,2014,32,PIT,16,16,408,608,4952,32,9,33
55,Matt Ryan\RyanMa00,2012,27,ATL,16,16,422,615,4719,32,14,28
56,Matthew Stafford\StafMa00,2015,27,DET,16,16,398,592,4262,32,13,44
57,Ryan Fitzpatrick\FitzRy00,2015,33,NYJ,16,16,335,562,3905,31,15,19
58,Jeff Garcia\GarcJe00,2000,30,SFO,16,16,355,561,4278,31,14,24
59,Andrew Luck\LuckAn00,2016,27,IND,15,15,346,545,4240,31,13,41
60,Eli Manning\MannEl00,2010,29,NYG,16,16,339,539,4002,31,25,16
61,Peyton Manning\MannPe00,2006,30,IND,16,16,362,557,4397,31,9,14
62,Peyton Manning\MannPe00,2007,31,IND,16,16,337,515,4040,31,14,21
63,Donovan McNabb\McNaDo00,2004,28,PHI,15,15,300,469,3875,31,8,32
64,Philip Rivers\RivePh00,2014,33,SDG,16,16,379,570,4286,31,18,36
65,Aaron Rodgers\RodgAa00,2015,32,GNB,16,16,347,572,3821,31,8,46
66,Tony Romo\RomoTo00,2011,31,DAL,16,16,346,522,4184,31,10,36
67,Tony Romo\RomoTo00,2013,33,DAL,15,15,342,535,3828,31,10,35
68,Brett Favre*\FavrBr00,2004,35,GNB,16,16,346,540,4088,30,17,12
69,Eli Manning\MannEl00,2014,33,NYG,16,16,379,601,4410,30,14,28
70,Philip Rivers\RivePh00,2010,29,SDG,16,16,357,541,4710,30,13,38
71,Aaron Rodgers\RodgAa00,2009,26,GNB,16,16,350,541,4434,30,7,50
72,Kurt Warner*\WarnKu00,2008,37,ARI,16,16,401,598,4583,30,14,26
73,Derek Anderson\AndeDe00,2007,24,CLE,16,15,298,527,3787,29,19,14
74,Kirk Cousins\CousKi00,2015,27,WAS,16,16,379,543,4166,29,11,26
75,Jake Delhomme\DelhJa00,2004,29,CAR,16,16,310,533,3886,29,15,33
76,Eli Manning\MannEl00,2011,30,NYG,16,16,359,589,4933,29,16,28
77,Peyton Manning\MannPe00,2003,27,IND,16,16,379,566,4267,29,10,18
78,Philip Rivers\RivePh00,2015,34,SDG,16,16,437,661,4792,29,13,40
79,Ben Roethlisberger\RoetBe00,2016,34,PIT,14,14,328,509,3819,29,13,17
80,Matt Ryan\RyanMa00,2011,26,ATL,16,16,347,566,4177,29,12,26
81,Matt Schaub\SchaMa00,2009,28,HOU,16,16,396,583,4770,29,15,25
82,Matthew Stafford\StafMa00,2017,29,DET,16,16,371,565,4446,29,10,47
83,Matthew Stafford\StafMa00,2013,25,DET,16,16,371,634,4650,29,19,23
84,Tom Brady\BradTo00,2002,25,NWE,16,16,373,601,3764,28,14,31
85,Tom Brady\BradTo00,2009,32,NWE,16,16,371,565,4398,28,13,16
86,Tom Brady\BradTo00,2016,39,NWE,12,12,291,432,3554,28,2,15
87,Tom Brady\BradTo00,2004,27,NWE,16,16,288,474,3692,28,14,26
88,Drew Brees\BreeDr00,2007,28,NOR,16,16,440,652,4423,28,18,16
89,Derek Carr\CarrDe02,2016,25,OAK,15,15,357,560,3937,28,6,16
90,Jay Cutler\CutlJa00,2014,31,CHI,15,15,370,561,3812,28,18,38
91,Brett Favre*\FavrBr00,2007,38,GNB,16,16,356,535,4155,28,15,15
92,Rich Gannon\GannRi00,2000,35,OAK,16,16,284,473,3430,28,11,28
93,Jared Goff\GoffJa00,2017,23,LAR,15,15,296,477,3804,28,7,25
94,Elvis Grbac\GrbaEl00,2000,30,KAN,15,15,326,547,4169,28,14,29
95,Matt Hasselbeck\HassMa00,2007,32,SEA,16,16,352,562,3966,28,12,33
96,Peyton Manning\MannPe00,2005,29,IND,16,16,305,453,3747,28,10,17
97,Carson Palmer\PalmCa00,2006,27,CIN,16,16,324,520,4035,28,13,36
98,Philip Rivers\RivePh00,2017,36,LAC,16,16,360,575,4515,28,10,18
99,Philip Rivers\RivePh00,2009,28,SDG,16,16,317,486,4254,28,9,25
100,Aaron Rodgers\RodgAa00,2008,25,GNB,16,16,341,536,4038,28,13,34
101,Aaron Rodgers\RodgAa00,2010,27,GNB,15,15,312,475,3922,28,11,31
102,Ben Roethlisberger\RoetBe00,2013,31,PIT,16,16,375,584,4261,28,14,42
103,Ben Roethlisberger\RoetBe00,2017,35,PIT,15,15,360,561,4251,28,14,21
104,Tony Romo\RomoTo00,2012,32,DAL,16,16,425,648,4903,28,19,36
105,Matt Ryan\RyanMa00,2014,29,ATL,16,16,415,628,4694,28,14,31
106,Matt Ryan\RyanMa00,2010,25,ATL,16,16,357,571,3705,28,9,23
107,Jameis Winston\WinsJa00,2016,22,TAM,16,16,345,567,4090,28,18,35
108,Drew Brees\BreeDr00,2004,25,SDG,15,15,262,400,3159,27,7,18
109,Aaron Brooks\BrooAa00,2002,26,NOR,16,16,283,528,3572,27,15,36
110,Matt Cassel\CassMa00,2010,28,KAN,15,15,262,450,3116,27,7,26
111,Kirk Cousins\CousKi00,2017,29,WAS,16,16,347,540,4093,27,13,41
112,Jay Cutler\CutlJa00,2009,26,CHI,16,16,336,555,3666,27,26,35
113,Andy Dalton\DaltAn00,2012,25,CIN,16,16,329,528,3669,27,16,46
114,Brett Favre*\FavrBr00,2002,33,GNB,16,16,341,551,3658,27,16,26
115,Joe Flacco\FlacJo00,2014,29,BAL,16,16,344,554,3986,27,12,19
116,Nick Foles\FoleNi00,2013,24,PHI,13,10,203,317,2891,27,2,28
117,Josh Freeman\FreeJo00,2012,24,TAM,16,16,306,558,4065,27,17,26
118,Rich Gannon\GannRi00,2001,36,OAK,16,16,361,549,3828,27,9,27
119,Trent Green\GreeTr00,2004,34,KAN,16,16,369,556,4591,27,17,32
120,Eli Manning\MannEl00,2009,28,NYG,16,16,317,509,4021,27,14,30
121,Peyton Manning\MannPe00,2002,26,IND,16,16,392,591,4200,27,19,23
122,Peyton Manning\MannPe00,2008,32,IND,16,16,371,555,4002,27,12,14
123,Jake Plummer\PlumJa00,2004,30,DEN,16,16,303,521,4089,27,20,15
124,Philip Rivers\RivePh00,2011,30,SDG,16,16,366,582,4624,27,20,30
125,Ryan Tannehill\TannRy00,2014,26,MIA,16,16,392,590,4045,27,12,46
126,Kurt Warner*\WarnKu00,2007,36,ARI,14,11,281,451,3417,27,17,20
127,Tom Brady\BradTo00,2005,28,NWE,16,16,334,530,4110,26,14,26
128,Drew Brees\BreeDr00,2006,27,NOR,16,16,356,554,4418,26,11,18
129,Aaron Brooks\BrooAa00,2001,25,NOR,16,16,312,558,3832,26,22,50
130,Rich Gannon\GannRi00,2002,37,OAK,16,16,418,618,4689,26,10,36
131,Trent Green\GreeTr00,2002,32,KAN,16,16,287,470,3690,26,13,26
132,Matt Hasselbeck\HassMa00,2003,28,SEA,16,16,313,513,3841,26,15,42
133,Brad Johnson\JohnBr00,2003,35,TAM,16,16,354,570,3811,26,21,20
134,Jon Kitna\KitnJo00,2003,31,CIN,16,16,324,520,3591,26,15,37
135,Eli Manning\MannEl00,2016,35,NYG,16,16,377,598,4027,26,16,21
136,Eli Manning\MannEl00,2012,31,NYG,16,16,321,536,3948,26,15,19
137,Peyton Manning\MannPe00,2001,25,IND,16,16,343,547,4131,26,23,29
138,Marcus Mariota\MariMa01,2016,23,TEN,15,15,276,451,3426,26,9,23
139,Carson Palmer\PalmCa00,2007,28,CIN,16,16,373,575,4131,26,20,17
140,Carson Palmer\PalmCa00,2010,31,CIN,16,16,362,586,3970,26,20,26
141,Carson Palmer\PalmCa00,2016,37,ARI,15,15,364,597,4233,26,14,40
142,Philip Rivers\RivePh00,2012,31,SDG,16,16,338,527,3606,26,15,49
143,Ben Roethlisberger\RoetBe00,2009,27,PIT,15,15,337,506,4328,26,12,50
144,Ben Roethlisberger\RoetBe00,2012,30,PIT,13,13,284,449,3265,26,8,30
145,Tony Romo\RomoTo00,2009,29,DAL,16,16,347,550,4483,26,9,34
146,Tony Romo\RomoTo00,2008,28,DAL,13,13,276,450,3448,26,14,20
147,Matt Ryan\RyanMa00,2013,28,ATL,16,16,439,651,4515,26,17,44
148,Mark Sanchez\SancMa00,2011,25,NYJ,16,16,308,543,3474,26,18,39
149,Alex Smith\SmitAl03,2017,33,KAN,15,15,341,505,4042,26,5,35
150,Kurt Warner*\WarnKu00,2009,38,ARI,15,15,339,513,3753,26,14,24
151,Russell Wilson\WilsRu00,2012,24,SEA,16,16,252,393,3118,26,10,33
152,Russell Wilson\WilsRu00,2013,25,SEA,16,16,257,407,3357,26,9,44
153,Tom Brady\BradTo00,2013,36,NWE,16,16,380,628,4343,25,11,40
154,Kirk Cousins\CousKi00,2016,28,WAS,16,16,406,606,4917,25,12,23
155,Daunte Culpepper\CulpDa00,2003,26,MIN,14,14,295,454,3479,25,11,37
156,Jay Cutler\CutlJa00,2008,25,DEN,16,16,384,616,4526,25,18,11
157,Andy Dalton\DaltAn00,2015,28,CIN,13,13,255,386,3250,25,7,20
158,Andy Dalton\DaltAn00,2017,30,CIN,16,16,297,496,3320,25,12,39
159,Joe Flacco\FlacJo00,2010,25,BAL,16,16,306,489,3622,25,10,40
160,Josh Freeman\FreeJo00,2010,22,TAM,16,16,291,474,3451,25,6,28
161,Donovan McNabb\McNaDo00,2001,25,PHI,16,16,285,493,3233,25,12,39
162,Drew Bledsoe\BledDr00,2002,30,BUF,16,16,375,610,4359,24,15,54
163,Tom Brady\BradTo00,2006,29,NWE,16,16,319,516,3529,24,12,26
164,Drew Brees\BreeDr00,2005,26,SDG,16,16,323,500,3576,24,15,27
165,Aaron Brooks\BrooAa00,2003,27,NOR,16,16,306,518,3546,24,8,34
166,Marc Bulger\BulgMa00,2006,29,STL,16,16,370,588,4301,24,8,49
167,Jake Delhomme\DelhJa00,2005,30,CAR,16,16,262,435,3421,24,16,28
168,Ryan Fitzpatrick\FitzRy00,2012,30,BUF,16,16,306,505,3400,24,16,30
169,Ryan Fitzpatrick\FitzRy00,2011,29,BUF,16,16,353,569,3832,24,23,22
170,Trent Green\GreeTr00,2003,33,KAN,16,16,330,523,4039,24,12,20
171,Matt Hasselbeck\HassMa00,2005,30,SEA,16,16,294,449,3459,24,9,24
172,Eli Manning\MannEl00,2005,24,NYG,16,16,294,557,3762,24,17,28
173,Eli Manning\MannEl00,2006,25,NYG,16,16,301,522,3244,24,18,25
174,Steve McNair\McNaSt00,2003,30,TEN,14,14,250,400,3215,24,7,19
175,Cam Newton\NewtCa00,2013,24,CAR,16,16,292,473,3379,24,13,43
176,Carson Palmer\PalmCa00,2013,34,ARI,16,16,362,572,4274,24,22,41
177,Matt Schaub\SchaMa00,2010,29,HOU,16,16,365,574,4370,24,12,32
178,Matthew Stafford\StafMa00,2016,28,DET,16,16,388,594,4327,24,10,37
179,Ryan Tannehill\TannRy00,2015,27,MIA,16,16,363,586,4208,24,12,45
180,Ryan Tannehill\TannRy00,2013,25,MIA,16,16,355,588,3913,24,17,58
181,Drew Bledsoe\BledDr00,2005,33,DAL,16,16,300,499,3639,23,17,49
182,Blake Bortles\BortBl00,2016,24,JAX,16,16,368,625,3905,23,16,34
183,Tom Brady\BradTo00,2003,26,NWE,16,16,317,527,3620,23,12,32
184,Drew Brees\BreeDr00,2017,38,NOR,16,16,386,536,4334,23,8,20
185,Mark Brunell\BrunMa00,2005,35,WAS,16,15,262,454,3050,23,10,27
186,Jay Cutler\CutlJa00,2010,27,CHI,15,15,261,432,3274,23,16,52
187,Ryan Fitzpatrick\FitzRy00,2010,28,BUF,13,13,255,441,3000,23,15,24
188,David Garrard\GarrDa00,2010,32,JAX,14,14,236,366,2734,23,15,33
189,Brian Griese\GrieBr00,2001,26,DEN,15,15,275,451,2827,23,19,38
190,Rex Grossman\GrosRe00,2006,26,CHI,16,16,262,480,3193,23,20,21
191,Andrew Luck\LuckAn00,2012,23,IND,16,16,339,627,4374,23,18,41
192,Andrew Luck\LuckAn00,2013,24,IND,16,16,343,570,3822,23,9,32
193,Eli Manning\MannEl00,2007,26,NYG,16,16,297,529,3336,23,20,27
194,Donovan McNabb\McNaDo00,2008,32,PHI,16,16,345,571,3916,23,11,23
195,Dak Prescott\PresDa01,2016,23,DAL,16,16,311,459,3667,23,4,25
196,Alex Smith\SmitAl03,2013,29,KAN,15,15,308,508,3313,23,7,39
197,Marc Bulger\BulgMa00,2003,26,STL,15,15,336,532,3845,22,22,37
198,Derek Carr\CarrDe02,2017,26,OAK,15,15,323,515,3496,22,13,20
199,Kerry Collins\CollKe00,2000,28,NYG,16,16,311,529,3610,22,13,28
200,Brett Favre*\FavrBr00,2008,39,NYJ,16,16,343,522,3472,22,22,30
201,Joe Flacco\FlacJo00,2012,27,BAL,16,16,317,531,3817,22,10,35
202,Matt Hasselbeck\HassMa00,2004,29,SEA,14,14,279,474,3382,22,15,30
203,Brad Johnson\JohnBr00,2002,34,TAM,13,13,281,451,3049,22,6,21
204,Case Keenum\KeenCa00,2017,29,MIN,15,14,325,481,3547,22,7,22
205,Donovan McNabb\McNaDo00,2009,33,PHI,14,14,267,443,3553,22,10,35
206,Steve McNair\McNaSt00,2002,29,TEN,16,16,301,492,3387,22,15,21
207,Cam Newton\NewtCa00,2017,28,CAR,16,16,291,492,3302,22,16,35
208,Carson Palmer\PalmCa00,2012,33,OAK,15,15,345,565,4018,22,14,26
209,Chad Pennington\PennCh01,2002,26,NYJ,15,12,275,399,3120,22,6,22
210,Dak Prescott\PresDa01,2017,24,DAL,16,16,308,490,3324,22,13,32
211,Philip Rivers\RivePh00,2006,25,SDG,16,16,284,460,3388,22,9,27
212,Matt Ryan\RyanMa00,2009,24,ATL,14,14,263,451,2916,22,14,19
213,Matt Schaub\SchaMa00,2012,31,HOU,16,16,350,544,4008,22,12,27
214,Matthew Stafford\StafMa00,2014,26,DET,16,16,363,602,4257,22,12,45
215,Jameis Winston\WinsJa00,2015,21,TAM,16,16,312,535,4042,22,15,27
216,Blake Bortles\BortBl00,2017,25,JAX,16,16,315,523,3687,21,13,24
217,Sam Bradford\BradSa00,2012,25,STL,16,16,328,551,3702,21,13,35
218,Aaron Brooks\BrooAa00,2004,28,NOR,16,16,309,542,3810,21,16,41
219,Marc Bulger\BulgMa00,2004,27,STL,14,14,321,485,3964,21,14,41
220,Derek Carr\CarrDe02,2014,23,OAK,16,16,348,599,3270,21,12,24
221,Matt Cassel\CassMa00,2008,26,NWE,16,15,327,516,3693,21,11,47
222,Kerry Collins\CollKe00,2004,32,OAK,14,13,289,513,3495,21,20,25
223,Jay Cutler\CutlJa00,2015,32,CHI,15,15,311,483,3659,21,11,29
224,Joe Flacco\FlacJo00,2009,24,BAL,16,16,315,499,3613,21,12,36
225,Jeff Garcia\GarcJe00,2002,32,SFO,16,16,328,528,3344,21,10,17
226,Colin Kaepernick\KaepCo00,2013,26,SFO,16,16,243,416,3197,21,8,39
227,Jon Kitna\KitnJo00,2006,34,DET,16,16,372,596,4208,21,22,63
228,Eli Manning\MannEl00,2008,27,NYG,16,16,289,479,3238,21,10,27
229,Donovan McNabb\McNaDo00,2000,24,PHI,16,16,330,569,3365,21,13,45
230,Steve McNair\McNaSt00,2001,28,TEN,15,15,264,431,3350,21,12,37
231,Cam Newton\NewtCa00,2011,22,CAR,16,16,310,517,4051,21,17,35
232,Kyle Orton\OrtoKy00,2009,27,DEN,16,15,336,541,3802,21,12,29
233,Carson Palmer\PalmCa00,2009,30,CIN,16,16,282,466,3094,21,13,26
234,Philip Rivers\RivePh00,2007,26,SDG,16,16,277,460,3152,21,15,22
235,Ben Roethlisberger\RoetBe00,2015,33,PIT,12,11,319,469,3938,21,16,20
236,Ben Roethlisberger\RoetBe00,2011,29,PIT,15,15,324,513,4077,21,14,40
237,Matt Ryan\RyanMa00,2015,30,ATL,16,16,407,614,4591,21,16,30
238,Vinny Testaverde\TestVi00,2000,37,NYJ,16,16,328,590,3732,21,25,13
239,Michael Vick\VickMi00,2010,30,PHI,12,12,233,372,3018,21,6,34
240,Kurt Warner*\WarnKu00,2000,29,STL,11,11,235,347,3429,21,18,20
241,Russell Wilson\WilsRu00,2016,28,SEA,16,16,353,546,4219,21,11,41
242,Drew Bledsoe\BledDr00,2004,32,BUF,16,16,256,450,2932,20,16,37
243,Sam Bradford\BradSa00,2016,29,MIN,15,15,395,552,3877,20,5,37
244,Mark Brunell\BrunMa00,2000,30,JAX,16,16,311,512,3640,20,14,54
245,Jason Campbell\CampJa00,2009,28,WAS,16,16,327,507,3618,20,15,43
246,Kerry Collins\CollKe00,2005,33,OAK,15,15,302,565,3759,20,12,39
247,Jay Cutler\CutlJa00,2007,24,DEN,16,16,297,467,3497,20,14,27
248,Andy Dalton\DaltAn00,2011,24,CIN,16,16,300,516,3398,20,13,24
249,Brett Favre*\FavrBr00,2005,36,GNB,16,16,372,607,3881,20,29,24
250,Brett Favre*\FavrBr00,2000,31,GNB,16,16,338,580,3812,20,16,33
251,Jay Fiedler\FiedJa00,2001,30,MIA,16,16,273,450,3290,20,19,27
252,Joe Flacco\FlacJo00,2011,26,BAL,16,16,312,542,3610,20,12,31
253,Joe Flacco\FlacJo00,2016,31,BAL,16,16,436,672,4317,20,15,33
254,Brian Griese\GrieBr00,2004,29,TAM,11,10,233,336,2632,20,12,26
255,Robert Griffin\GrifRo01,2012,22,WAS,15,15,258,393,3200,20,5,30
256,Tommy Maddox\MaddTo00,2002,31,PIT,15,11,234,377,2836,20,16,26
257,Kyle Orton\OrtoKy00,2010,28,DEN,13,13,293,498,3653,20,9,34
258,Matt Ryan\RyanMa00,2017,32,ATL,16,16,342,529,4095,20,12,24
259,Alex Smith\SmitAl03,2015,31,KAN,16,16,307,470,3486,20,7,45
260,Matthew Stafford\StafMa00,2012,24,DET,16,16,435,727,4967,20,17,29
261,Tyrod Taylor\TaylTy00,2015,26,BUF,14,14,242,380,3035,20,6,36
262,Michael Vick\VickMi00,2006,26,ATL,16,16,204,388,2474,20,13,45
263,Russell Wilson\WilsRu00,2014,26,SEA,16,16,285,452,3475,20,7,42
264,Steve Beuerlein\BeueSt00,2000,35,CAR,16,16,324,533,3730,19,18,62
265,Sam Bradford\BradSa00,2015,28,PHI,14,14,346,532,3725,19,14,28
266,Mark Brunell\BrunMa00,2001,31,JAX,15,15,289,473,3309,19,13,57
267,Kerry Collins\CollKe00,2001,29,NYG,16,16,327,568,3764,19,16,36
268,Kerry Collins\CollKe00,2002,30,NYG,16,16,335,545,4073,19,14,24
269,Jay Cutler\CutlJa00,2013,30,CHI,11,11,224,355,2621,19,12,19
270,Jay Cutler\CutlJa00,2017,34,MIA,14,14,266,429,2666,19,14,20
271,Jay Cutler\CutlJa00,2012,29,CHI,15,15,255,434,3033,19,14,38
272,Andy Dalton\DaltAn00,2014,27,CIN,16,16,309,481,3398,19,17,21
273,Jake Delhomme\DelhJa00,2003,28,CAR,16,15,266,449,3219,19,16,23
274,Joe Flacco\FlacJo00,2013,28,BAL,16,16,362,614,3912,19,22,48
275,Mike Glennon\GlenMi00,2013,24,TAM,13,13,247,416,2608,19,9,40
276,Brian Griese\GrieBr00,2000,25,DEN,10,10,216,336,2688,19,4,17
277,Joey Harrington\HarrJo00,2004,26,DET,16,16,274,489,3047,19,12,36
278,Brian Hoyer\HoyeBr00,2015,30,HOU,11,9,224,369,2606,19,7,25
279,Colin Kaepernick\KaepCo00,2014,27,SFO,16,16,289,478,3369,19,10,52
280,J.P. Losman\LosmJ.00,2006,25,BUF,16,16,268,429,3051,19,14,47
281,Eli Manning\MannEl00,2017,36,NYG,15,15,352,571,3468,19,13,31
282,Marcus Mariota\MariMa01,2015,22,TEN,12,12,230,370,2818,19,10,38
283,Donovan McNabb\McNaDo00,2007,31,PHI,14,14,291,473,3324,19,7,44
284,Cam Newton\NewtCa00,2016,27,CAR,15,14,270,510,3509,19,14,36
285,Cam Newton\NewtCa00,2012,23,CAR,16,16,280,485,3869,19,12,36
286,Chad Pennington\PennCh01,2008,32,MIA,16,16,321,476,3653,19,7,24
287,Tony Romo\RomoTo00,2006,26,DAL,16,10,220,337,2903,19,13,21
288,Ryan Tannehill\TannRy00,2016,28,MIA,13,13,261,389,2995,19,12,29
289,Deshaun Watson\WatsDe00,2017,22,HOU,7,6,126,204,1699,19,8,19
290,Jameis Winston\WinsJa00,2017,23,TAM,13,13,282,442,3504,19,11,33
291,Sam Bradford\BradSa00,2010,23,STL,16,16,354,590,3512,18,15,34
292,Tom Brady\BradTo00,2001,24,NWE,15,14,264,413,2843,18,12,41
293,Tim Couch\CoucTi00,2002,25,CLE,14,14,273,443,2842,18,18,30
294,Daunte Culpepper\CulpDa00,2002,25,MIN,16,16,333,549,3853,18,23,47
295,Andy Dalton\DaltAn00,2016,29,CIN,16,16,364,563,4206,18,8,41
296,Brett Favre*\FavrBr00,2006,37,GNB,16,16,343,613,3885,18,18,21
297,Joe Flacco\FlacJo00,2017,32,BAL,16,16,352,549,3141,18,13,27
298,Gus Frerotte\FrerGu00,2005,34,MIA,16,15,257,494,2996,18,13,26
299,Jeff Garcia\GarcJe00,2003,33,SFO,13,13,225,392,2704,18,13,21
300,David Garrard\GarrDa00,2007,29,JAX,12,12,208,325,2509,18,3,21
301,Matt Hasselbeck\HassMa00,2006,31,SEA,12,12,210,371,2442,18,15,34
302,Matt Hasselbeck\HassMa00,2011,36,TEN,16,16,319,518,3571,18,14,19
303,Shaun King\KingSh00,2000,23,TAM,16,16,233,428,2769,18,13,37
304,Jon Kitna\KitnJo00,2000,28,SEA,15,12,259,418,2658,18,19,33
305,Jon Kitna\KitnJo00,2007,35,DET,16,16,355,561,4068,18,20,51
306,Tommy Maddox\MaddTo00,2003,32,PIT,16,16,298,519,3414,18,17,41
307,Eli Manning\MannEl00,2013,32,NYG,16,16,317,551,3818,18,27,39
308,Josh McCown\McCoJo01,2017,38,NYJ,13,13,267,397,2926,18,9,39
309,Donovan McNabb\McNaDo00,2006,30,PHI,10,10,180,316,2647,18,6,21
310,Cam Newton\NewtCa00,2014,25,CAR,14,14,262,448,3127,18,12,38
311,Kyle Orton\OrtoKy00,2008,26,CHI,15,15,272,465,2972,18,12,27
312,Kyle Orton\OrtoKy00,2014,32,BUF,12,12,287,447,3018,18,10,33
313,Carson Palmer\PalmCa00,2004,25,CIN,13,13,263,432,2897,18,18,25
314,Jake Plummer\PlumJa00,2001,27,ARI,16,16,304,525,3653,18,14,29
315,Jake Plummer\PlumJa00,2002,28,ARI,16,16,284,530,2972,18,20,36
316,Jake Plummer\PlumJa00,2005,31,DEN,16,16,277,456,3366,18,7,22
317,Christian Ponder\PondCh00,2012,24,MIN,16,16,300,483,2935,18,12,32
318,Ben Roethlisberger\RoetBe00,2006,24,PIT,15,15,280,469,3513,18,23,46
319,Trevor Siemian\SiemTr00,2016,25,DEN,14,14,289,486,3401,18,10,31
320,Alex Smith\SmitAl03,2014,30,KAN,15,15,303,464,3265,18,6,45
321,Alex Smith\SmitAl03,2009,25,SFO,11,10,225,372,2350,18,12,22
322,Tyler Thigpen\ThigTy00,2008,24,KAN,14,11,230,420,2608,18,12,26
323,Michael Vick\VickMi00,2011,31,PHI,13,13,253,423,3303,18,14,23
324,Billy Volek\VoleBi00,2004,28,TEN,10,8,218,357,2486,18,10,30
325,Drew Bledsoe\BledDr00,2000,28,NWE,16,16,312,531,3291,17,13,45
326,Drew Brees\BreeDr00,2002,23,SDG,16,16,320,526,3284,17,16,24
327,Mark Brunell\BrunMa00,2002,32,JAX,15,15,245,416,2788,17,7,34
328,Quincy Carter\CartQu00,2003,26,DAL,16,16,292,505,3302,17,21,37
329,Tim Couch\CoucTi00,2001,24,CLE,16,16,272,454,3040,17,21,51
330,Jake Delhomme\DelhJa00,2006,31,CAR,13,13,263,431,2805,17,11,22
331,Ryan Fitzpatrick\FitzRy00,2014,32,HOU,12,12,197,312,2483,17,8,21
332,Trent Green\GreeTr00,2005,35,KAN,16,16,317,507,4014,17,10,32
333,Trent Green\GreeTr00,2001,31,KAN,16,16,296,523,3783,17,24,39
334,Joey Harrington\HarrJo00,2003,25,DET,16,16,309,554,2880,17,22,9
335,Matt Hasselbeck\HassMa00,2009,34,SEA,14,14,293,488,3029,17,17,32
336,Donovan McNabb\McNaDo00,2002,26,PHI,10,10,211,361,2289,17,6,28
337,Chad Pennington\PennCh01,2006,30,NYJ,16,16,313,485,3352,17,16,30
338,Aaron Rodgers\RodgAa00,2013,30,GNB,9,9,193,290,2536,17,6,21
339,Ben Roethlisberger\RoetBe00,2004,22,PIT,14,13,196,295,2621,17,11,30
340,Ben Roethlisberger\RoetBe00,2010,28,PIT,12,12,240,389,3200,17,5,32
341,Ben Roethlisberger\RoetBe00,2005,23,PIT,12,12,168,268,2385,17,9,23
342,Ben Roethlisberger\RoetBe00,2008,26,PIT,16,16,281,469,3301,17,15,46
343,Mark Sanchez\SancMa00,2010,24,NYJ,16,16,278,507,3291,17,13,27
344,Alex Smith\SmitAl03,2011,27,SFO,16,16,273,445,3144,17,5,44
345,Tyrod Taylor\TaylTy00,2016,27,BUF,15,15,269,436,3023,17,6,42
346,Vinny Testaverde\TestVi00,2004,41,DAL,16,15,297,495,3532,17,20,34
347,David Carr\CarrDa00,2004,25,HOU,16,16,285,466,3531,16,14,49
348,Matt Cassel\CassMa00,2009,27,KAN,15,15,271,493,2924,16,16,42
349,Chris Chandler\ChanCh00,2001,36,ATL,14,14,223,365,2847,16,14,41
350,Josh Freeman\FreeJo00,2011,23,TAM,15,15,346,551,3592,16,22,29
351,Trent Green\GreeTr00,2000,30,STL,8,5,145,240,2063,16,5,24
352,Robert Griffin\GrifRo01,2013,23,WAS,13,13,274,456,3203,16,12,38
353,Rex Grossman\GrosRe00,2011,31,WAS,13,13,265,458,3151,16,20,25
354,Shaun Hill\HillSh00,2010,30,DET,11,10,257,416,2686,16,12,17
355,Colin Kaepernick\KaepCo00,2016,29,SFO,12,11,196,331,2241,16,4,36
356,Jon Kitna\KitnJo00,2002,30,CIN,14,12,294,473,3178,16,16,24
357,Jon Kitna\KitnJo00,2010,38,DAL,10,9,209,318,2365,16,12,21
358,Donovan McNabb\McNaDo00,2003,27,PHI,16,16,275,478,3216,16,11,43
359,Donovan McNabb\McNaDo00,2005,29,PHI,9,9,211,357,2507,16,9,19
360,Steve McNair\McNaSt00,2005,32,TEN,14,14,292,476,3161,16,11,20
361,Steve McNair\McNaSt00,2006,33,BAL,16,16,295,468,3050,16,12,14
362,Matt Moore\MoorMa01,2011,27,MIA,13,12,210,347,2497,16,9,36
363,Chad Pennington\PennCh01,2004,28,NYJ,13,13,242,370,2673,16,9,18
364,Aaron Rodgers\RodgAa00,2017,34,GNB,7,7,154,238,1675,16,6,22
365,Matt Ryan\RyanMa00,2008,23,ATL,16,16,265,434,3440,16,11,17
366,Alex Smith\SmitAl03,2006,22,SFO,16,16,257,442,2890,16,16,35
367,Michael Vick\VickMi00,2002,22,ATL,15,15,231,421,2936,16,8,33
368,Carson Wentz\WentCa00,2016,24,PHI,16,16,379,607,3782,16,14,33
369,Jake Delhomme\DelhJa00,2008,33,CAR,16,16,246,414,3288,15,12,20
370,Doug Flutie\FlutDo00,2001,39,SDG,16,16,294,521,3464,15,18,25
371,David Garrard\GarrDa00,2009,31,JAX,16,16,314,516,3597,15,10,42
372,David Garrard\GarrDa00,2008,30,JAX,16,16,335,535,3620,15,13,42
373,Elvis Grbac\GrbaEl00,2001,31,BAL,14,14,265,467,3033,15,18,28
374,Brian Griese\GrieBr00,2002,27,DEN,13,13,291,436,3214,15,15,34
375,Matt Hasselbeck\HassMa00,2002,27,SEA,16,10,267,419,3075,15,10,26
376,Chad Henne\HennCh01,2010,25,MIA,15,14,301,490,3301,15,19,30
377,Byron Leftwich\LeftBy00,2004,24,JAX,14,14,267,441,2941,15,10,25
378,Byron Leftwich\LeftBy00,2005,25,JAX,11,11,175,302,2123,15,5,23
379,Andrew Luck\LuckAn00,2015,26,IND,7,7,162,293,1881,15,12,15
380,Steve McNair\McNaSt00,2000,27,TEN,16,15,248,396,2847,15,13,24
381,Brock Osweiler\OsweBr00,2016,26,HOU,15,14,301,510,2957,15,16,27
382,Rodney Peete\PeetRo00,2002,36,CAR,14,14,223,381,2630,15,14,31
383,Jake Plummer\PlumJa00,2003,29,DEN,11,11,189,302,2182,15,7,14
384,Sage Rosenfels\RoseSa00,2007,29,HOU,9,5,154,240,1684,15,12,6
385,Matt Schaub\SchaMa00,2008,27,HOU,11,11,251,380,3043,15,10,23
386,Matt Schaub\SchaMa00,2011,30,HOU,10,10,178,292,2479,15,6,16
387,Alex Smith\SmitAl03,2016,32,KAN,15,15,328,489,3502,15,8,28
388,Vinny Testaverde\TestVi00,2001,38,NYJ,16,16,260,441,2752,15,14,18
389,Michael Vick\VickMi00,2005,25,ATL,15,15,214,387,2412,15,13,33
390,Sam Bradford\BradSa00,2013,26,STL,7,7,159,262,1687,14,4,15
391,Teddy Bridgewater\BridTe00,2015,23,MIN,16,16,292,447,3231,14,9,44
392,Teddy Bridgewater\BridTe00,2014,22,MIN,13,12,259,402,2919,14,12,39
393,Marc Bulger\BulgMa00,2002,25,STL,7,7,138,214,1826,14,6,12
394,Marc Bulger\BulgMa00,2005,28,STL,8,8,192,287,2297,14,9,26
395,David Carr\CarrDa00,2005,26,HOU,16,16,256,423,2488,14,11,68
396,Kerry Collins\CollKe00,2010,38,TEN,10,7,160,278,1823,14,8,13
397,Daunte Culpepper\CulpDa00,2001,24,MIN,11,11,235,366,2612,14,13,33
398,Jay Fiedler\FiedJa00,2002,31,MIA,11,10,179,292,2024,14,9,13
399,Jay Fiedler\FiedJa00,2000,29,MIA,15,15,204,357,2402,14,14,23
400,Ryan Fitzpatrick\FitzRy00,2013,31,TEN,11,9,217,350,2454,14,12,21
401,Joe Flacco\FlacJo00,2008,23,BAL,16,16,257,428,2971,14,12,32
402,Joe Flacco\FlacJo00,2015,30,BAL,10,10,266,413,2791,14,12,16
403,Tarvaris Jackson\JackTa00,2011,28,SEA,15,14,271,450,3091,14,13,42
404,Byron Leftwich\LeftBy00,2003,23,JAX,15,13,239,418,2819,14,16,19
405,Colt McCoy\McCoCo00,2011,25,CLE,13,13,265,463,2733,14,11,32
406,Donovan McNabb\McNaDo00,2010,34,WAS,13,13,275,472,3377,14,15,37
407,Patrick Ramsey\RamsPa00,2003,24,WAS,11,11,179,337,2166,14,9,30
408,Mark Sanchez\SancMa00,2014,28,PHI,9,8,198,309,2418,14,11,23
409,Alex Smith\SmitAl03,2010,26,SFO,11,10,204,342,2370,14,10,25
410,Kordell Stewart\StewKo00,2001,29,PIT,16,16,266,442,3109,14,11,29
411,Tyrod Taylor\TaylTy00,2017,28,BUF,15,14,263,420,2799,14,4,46
412,Michael Vick\VickMi00,2004,24,ATL,15,15,181,321,2313,14,12,46
413,Brandon Weeden\WeedBr00,2012,29,CLE,15,15,297,517,3385,14,17,28
414,Charlie Batch\BatcCh00,2000,26,DET,15,15,221,412,2489,13,15,41
415,Jeff Blake\BlakJe00,2002,32,BAL,11,10,165,295,2084,13,11,30
416,Jeff Blake\BlakJe00,2003,33,ARI,13,13,208,367,2247,13,15,19
417,Jeff Blake\BlakJe00,2000,30,NOR,11,11,184,302,2025,13,9,24
418,Kyle Boller\BollKy00,2004,23,BAL,16,16,258,464,2559,13,11,35
419,Jacoby Brissett\BrisJa00,2017,24,IND,16,15,276,469,3098,13,7,52
420,Aaron Brooks\BrooAa00,2005,29,NOR,13,13,240,431,2882,13,17,33
421,Jason Campbell\CampJa00,2010,29,OAK,13,12,194,329,2387,13,8,33
422,Jason Campbell\CampJa00,2008,27,WAS,16,16,315,506,3245,13,6,38
423,Kerry Collins\CollKe00,2003,31,NYG,13,13,284,500,3110,13,16,28
424,Jay Cutler\CutlJa00,2011,28,CHI,10,10,182,314,2319,13,7,23
425,Nick Foles\FoleNi00,2014,25,PHI,8,8,186,311,2163,13,10,9
426,Jeff Garcia\GarcJe00,2007,37,TAM,13,13,209,327,2440,13,4,19
427,Chad Henne\HennCh01,2013,28,JAX,15,13,305,503,3241,13,14,38
428,Shaun Hill\HillSh00,2008,28,SFO,9,8,181,288,2046,13,8,23
429,Brad Johnson\JohnBr00,2001,33,TAM,16,16,340,559,3406,13,11,44
430,Marcus Mariota\MariMa01,2017,24,TEN,15,15,281,453,3232,13,15,27
431,Josh McCown\McCoJo01,2013,34,CHI,8,5,149,224,1829,13,1,11
432,Jim Miller\MillJi00,2001,30,CHI,14,13,228,395,2299,13,10,11
433,Jim Miller\MillJi00,2002,31,CHI,10,8,180,314,1944,13,9,16
434,Carson Palmer\PalmCa00,2011,32,OAK,10,9,199,328,2753,13,16,17
435,Chad Pennington\PennCh01,2003,27,NYJ,10,9,189,297,2139,13,12,25
436,Jake Plummer\PlumJa00,2000,26,ARI,14,14,270,475,2946,13,21,22
437,Christian Ponder\PondCh00,2011,23,MIN,11,10,158,291,1853,13,13,30
438,JaMarcus Russell\RussJa00,2008,23,OAK,15,15,198,368,2423,13,8,31
439,Mark Sanchez\SancMa00,2012,26,NYJ,15,15,246,453,2883,13,18,34
440,Alex Smith\SmitAl03,2012,28,SFO,10,9,153,218,1737,13,5,24
441,Geno Smith\SmitGe00,2014,24,NYJ,14,13,219,367,2525,13,13,28
442,Matthew Stafford\StafMa00,2009,21,DET,10,10,201,377,2267,13,20,24
443,Charlie Batch\BatcCh00,2001,27,DET,10,9,198,341,2392,12,12,33
444,Jason Campbell\CampJa00,2007,26,WAS,13,13,250,417,2700,12,11,21
445,Kerry Collins\CollKe00,2008,36,TEN,16,15,242,415,2676,12,7,8
446,Austin Davis\DaviAu00,2014,25,STL,10,8,180,284,2001,12,9,29
447,Trent Dilfer\DilfTr00,2000,28,BAL,11,8,134,226,1502,12,11,23
448,Ryan Fitzpatrick\FitzRy00,2016,34,NYJ,14,11,228,403,2710,12,17,19
449,Gus Frerotte\FrerGu00,2008,37,MIN,11,11,178,301,2157,12,15,29
450,Blaine Gabbert\GabbBl00,2011,22,JAX,15,14,210,413,2214,12,11,40
451,Jeff Garcia\GarcJe00,2008,38,TAM,12,11,244,376,2712,12,6,23
452,Joey Harrington\HarrJo00,2002,24,DET,14,12,215,429,2294,12,16,8
453,Joey Harrington\HarrJo00,2005,27,DET,12,11,188,330,2021,12,12,24
454,Joey Harrington\HarrJo00,2006,28,MIA,11,11,223,388,2236,12,15,15
455,Matt Hasselbeck\HassMa00,2010,35,SEA,14,14,266,444,3001,12,17,29
456,Chad Henne\HennCh01,2009,24,MIA,14,13,274,451,2878,12,14,26
457,Brian Hoyer\HoyeBr00,2014,29,CLE,14,13,242,438,3326,12,13,24
458,Brad Johnson\JohnBr00,2005,37,MIN,15,9,184,294,1885,12,4,23
459,Rob Johnson\JohnRo00,2000,27,BUF,12,11,175,306,2125,12,7,49
460,Jon Kitna\KitnJo00,2001,29,CIN,16,15,313,581,3216,12,22,25
461,Josh McCown\McCoJo01,2015,36,CLE,8,8,186,292,2109,12,4,23
462,Mark Sanchez\SancMa00,2009,23,NYJ,15,15,196,364,2444,12,20,26
463,Trevor Siemian\SiemTr00,2017,26,DEN,11,10,206,349,2285,12,14,33
464,Geno Smith\SmitGe00,2013,23,NYJ,16,16,247,443,3046,12,21,43
465,Ryan Tannehill\TannRy00,2012,24,MIA,16,16,282,484,3294,12,13,35
466,Tim Tebow\TeboTi00,2011,24,DEN,14,11,126,271,1729,12,6,33
467,Alex Van Pelt\VanPAl00,2001,31,BUF,12,8,178,307,2056,12,11,14
468,Michael Vick\VickMi00,2012,32,PHI,10,10,204,351,2362,12,10,28
469,Vince Young\YounVi00,2006,23,TEN,15,13,184,357,2199,12,13,25
470,Drew Bledsoe\BledDr00,2003,31,BUF,16,16,274,471,2860,11,12,49
471,Kyle Boller\BollKy00,2005,24,BAL,9,9,171,293,1799,11,12,23
472,Blake Bortles\BortBl00,2014,22,JAX,14,13,280,475,2908,11,17,55
473,Drew Brees\BreeDr00,2003,24,SDG,11,11,205,356,2108,11,15,21
474,Marc Bulger\BulgMa00,2007,30,STL,12,12,221,378,2392,11,15,37
475,Marc Bulger\BulgMa00,2008,31,STL,15,15,251,440,2720,11,13,38
476,Jason Campbell\CampJa00,2013,32,CLE,9,8,180,317,2015,11,8,16
477,David Carr\CarrDa00,2006,27,HOU,16,16,302,442,2767,11,12,41
478,Matt Cassel\CassMa00,2013,31,MIN,9,6,153,254,1807,11,9,16
479,Trent Dilfer\DilfTr00,2005,33,CLE,11,11,199,333,2321,11,12,23
480,Trent Edwards\EdwaTr01,2008,25,BUF,14,14,245,374,2699,11,10,23
481,Brett Favre*\FavrBr00,2010,41,MIN,13,13,217,358,2509,11,19,22
482,A.J. Feeley\FeelA.00,2004,27,MIA,11,8,191,356,1893,11,15,23
483,Jay Fiedler\FiedJa00,2003,32,MIA,12,11,179,314,2138,11,13,19
484,Chad Henne\HennCh01,2012,27,JAX,10,6,166,308,2084,11,11,28
485,Damon Huard\HuarDa00,2007,34,KAN,11,10,206,332,2257,11,13,36
486,Damon Huard\HuarDa00,2006,33,KAN,10,8,148,244,1878,11,1,16
487,Brad Johnson\JohnBr00,2000,32,WAS,12,11,228,365,2505,11,15,20
488,DeShone Kizer\KizeDe00,2017,21,CLE,15,15,255,476,2894,11,22,38
489,Ryan Leaf\LeafRy00,2000,24,SDG,11,9,161,322,1883,11,18,31
490,Matt Leinart\LeinMa00,2006,23,ARI,12,11,214,377,2547,11,12,21
491,EJ Manuel\ManuEJ00,2013,23,BUF,10,10,180,306,1972,11,9,28
492,Shane Matthews\MattSh00,2002,32,WAS,8,7,124,237,1251,11,6,9
493,Josh McCown\McCoJo01,2014,35,TAM,11,11,184,327,2206,11,14,36
494,Josh McCown\McCoJo01,2004,25,ARI,14,13,233,408,2511,11,10,31
495,Carson Palmer\PalmCa00,2014,35,ARI,6,6,141,224,1626,11,3,9
496,Jake Plummer\PlumJa00,2006,32,DEN,16,11,175,317,1994,11,13,18
497,Tony Romo\RomoTo00,2010,30,DAL,6,6,148,213,1605,11,7,7
498,John Skelton\SkelJo00,2011,23,ARI,8,7,151,275,1913,11,14,23
499,Kordell Stewart\StewKo00,2000,28,PIT,16,11,151,289,1860,11,8,30
500,Seneca Wallace\WallSe00,2008,28,SEA,10,8,141,242,1532,11,3,14
501,Kurt Warner*\WarnKu00,2005,34,ARI,10,10,242,375,2713,11,9,23
502,Chris Weinke\WeinCh00,2001,29,CAR,15,15,293,540,2931,11,19,26
503,Tony Banks\BankTo00,2001,28,WAS,15,14,198,370,2386,10,10,29
504,Jason Campbell\CampJa00,2006,25,WAS,7,7,110,207,1297,10,6,7
505,Matt Cassel\CassMa00,2011,29,KAN,9,9,160,269,1713,10,9,22
506,Chris Chandler\ChanCh00,2000,35,ATL,14,13,192,331,2236,10,12,40
507,Kirk Cousins\CousKi00,2014,26,WAS,6,5,126,204,1710,10,9,8
508,Josh Freeman\FreeJo00,2009,21,TAM,10,9,158,290,1855,10,18,20
509,Charlie Frye\FryeCh00,2006,25,CLE,13,13,252,393,2454,10,17,44
510,Blaine Gabbert\GabbBl00,2015,26,SFO,8,8,178,282,2031,10,7,25
511,Jeff Garcia\GarcJe00,2006,36,PHI,8,6,116,188,1309,10,2,6
512,Jeff Garcia\GarcJe00,2004,34,CLE,11,10,144,252,1731,10,9,24
513,David Garrard\GarrDa00,2006,28,JAX,11,10,145,241,1735,10,9,20
514,Mike Glennon\GlenMi00,2014,25,TAM,6,5,117,203,1417,10,6,16
515,Quinn Gray\GrayQu00,2007,28,JAX,8,4,80,144,986,10,5,10
516,Brian Griese\GrieBr00,2007,32,CHI,7,6,161,262,1803,10,12,15
517,Kelly Holcomb\HolcKe00,2005,32,BUF,10,8,155,230,1509,10,8,17
518,Kelly Holcomb\HolcKe00,2003,30,CLE,10,8,193,302,1797,10,12,21
519,Colin Kaepernick\KaepCo00,2012,25,SFO,13,7,136,218,1814,10,3,16
520,Jake Locker\LockJa00,2012,24,TEN,11,11,177,314,2176,10,11,25
521,Josh McCown\McCoJo01,2007,28,OAK,9,9,111,190,1151,10,11,14
522,Brock Osweiler\OsweBr00,2015,25,DEN,8,7,170,275,1967,10,6,23
523,Chad Pennington\PennCh01,2007,31,NYJ,9,8,179,260,1765,10,9,26
524,Patrick Ramsey\RamsPa00,2004,25,WAS,9,7,169,272,1665,10,11,23
525,Tim Rattay\RattTi00,2004,27,SFO,9,9,198,325,2169,10,10,37
526,Chris Redman\RedmCh00,2007,30,ATL,7,4,89,149,1079,10,5,9
527,Matt Schaub\SchaMa00,2013,32,HOU,10,8,219,358,2310,10,14,21
528,Chris Simms\SimmCh00,2005,25,TAM,11,10,191,313,2035,10,7,29
529,Vince Young\YounVi00,2009,26,TEN,12,10,152,259,1879,10,7,9
530,Vince Young\YounVi00,2010,27,TEN,9,8,93,156,1255,10,3,13
531,Derek Anderson\AndeDe00,2008,25,CLE,10,9,142,283,1615,9,8,14
532,Kyle Boller\BollKy00,2007,26,BAL,12,8,168,275,1743,9,10,24
533,Aaron Brooks\BrooAa00,2000,24,NOR,8,5,113,194,1514,9,6,15
534,David Carr\CarrDa00,2002,23,HOU,16,16,233,444,2592,9,15,76
535,David Carr\CarrDa00,2003,24,HOU,12,11,167,295,2013,9,13,15
536,Jay Cutler\CutlJa00,2006,23,DEN,5,5,81,137,1001,9,5,13
537,Ryan Fitzpatrick\FitzRy00,2009,27,BUF,10,8,127,227,1422,9,10,21
538,Doug Flutie\FlutDo00,2003,41,SDG,7,5,91,167,1097,9,4,8
539,Gus Frerotte\FrerGu00,2000,29,DEN,10,6,138,232,1776,9,8,12
540,Blaine Gabbert\GabbBl00,2012,23,JAX,10,10,162,278,1662,9,6,22
541,Bruce Gradkowski\GradBr00,2006,23,TAM,13,11,177,328,1661,9,9,25
542,Matt Hasselbeck\HassMa00,2015,40,IND,8,8,156,256,1690,9,5,16
543,Brett Hundley\HundBr00,2017,24,GNB,11,9,192,316,1836,9,12,29
544,Tarvaris Jackson\JackTa00,2007,24,MIN,12,12,171,294,1911,9,12,19
545,Tarvaris Jackson\JackTa00,2008,25,MIN,9,5,88,149,1056,9,2,14
546,Brad Johnson\JohnBr00,2006,38,MIN,15,14,270,439,2750,9,15,29
547,Case Keenum\KeenCa00,2016,28,LAR,10,9,196,322,2201,9,11,23
548,Case Keenum\KeenCa00,2013,25,HOU,8,8,137,253,1760,9,6,19
549,Kevin Kolb\KolbKe00,2011,27,ARI,9,9,146,253,1955,9,8,30
550,Peyton Manning\MannPe00,2015,39,DEN,10,9,198,331,2249,9,17,16
551,Josh McCown\McCoJo01,2005,26,ARI,9,6,163,270,1836,9,11,18
552,Kyle Orton\OrtoKy00,2011,29,2TM,9,8,150,252,1758,9,9,10
553,Kyle Orton\OrtoKy00,2005,23,CHI,15,15,190,368,1869,9,13,30
554,Carson Palmer\PalmCa00,2017,38,ARI,7,7,164,267,1978,9,7,22
555,Patrick Ramsey\RamsPa00,2002,23,WAS,9,5,117,227,1539,9,8,18
556,Matt Schaub\SchaMa00,2007,26,HOU,11,11,192,289,2241,9,9,16
557,Brandon Weeden\WeedBr00,2013,30,CLE,8,5,141,267,1731,9,9,27
558,Anthony Wright\WrigAn00,2003,27,BAL,7,7,94,178,1199,9,8,19
559,Vince Young\YounVi00,2007,24,TEN,15,15,238,382,2546,9,17,25
560,Tony Banks\BankTo00,2000,27,BAL,11,8,150,274,1578,8,8,20
561,Matt Barkley\BarkMa00,2016,26,CHI,7,6,129,216,1611,8,14,6
562,Mark Brunell\BrunMa00,2006,36,WAS,10,9,162,260,1789,8,4,12
563,Kellen Clemens\ClemKe00,2013,30,STL,10,9,142,242,1673,8,7,21
564,Jake Delhomme\DelhJa00,2009,34,CAR,11,11,178,321,2015,8,18,23
565,Ryan Fitzpatrick\FitzRy00,2008,26,CIN,13,12,221,372,1905,8,9,38
566,Doug Flutie\FlutDo00,2000,38,BUF,11,5,132,231,1700,8,3,10
567,Matt Flynn\FlynMa00,2013,28,3TM,9,5,124,200,1392,8,5,24
568,Jim Harbaugh\HarbJi00,2000,37,SDG,7,5,123,202,1416,8,10,14
569,Shaun Hill\HillSh00,2014,34,STL,9,8,145,229,1657,8,7,18
570,Kelly Holcomb\HolcKe00,2002,29,CLE,4,2,64,106,790,8,4,5
571,Doug Johnson\JohnDo00,2003,26,ATL,10,8,136,243,1655,8,12,19
572,Kevin Kolb\KolbKe00,2012,28,ARI,6,5,109,183,1169,8,3,27
573,Jake Locker\LockJa00,2013,25,TEN,7,7,111,183,1256,8,4,16
574,J.P. Losman\LosmJ.00,2005,24,BUF,9,8,113,228,1340,8,8,26
575,Matt McGloin\McGlMa01,2013,24,OAK,7,6,118,211,1547,8,8,6
576,Steve McNair\McNaSt00,2004,31,TEN,8,8,129,215,1343,8,9,13
577,Cade McNown\McNoCa00,2000,23,CHI,10,9,154,280,1646,8,9,27
578,Zach Mettenberger\MettZa00,2014,23,TEN,7,6,107,179,1412,8,7,18
579,Matt Moore\MoorMa01,2009,25,CAR,7,5,85,138,1053,8,2,9
580,J.T. O'Sullivan\OSulJ.00,2008,29,SFO,9,8,128,220,1678,8,11,32
581,Dan Orlovsky\OrloDa00,2008,25,DET,10,7,143,255,1616,8,8,14
582,Brady Quinn\QuinBr00,2009,25,CLE,10,9,136,256,1339,8,7,19
583,Seneca Wallace\WallSe00,2006,26,SEA,8,4,82,141,927,8,7,14
584,Troy Aikman*\AikmTr00,2000,34,DAL,11,11,156,262,1632,7,14,13
585,Derek Anderson\AndeDe00,2010,27,ARI,12,9,169,327,2065,7,10,25
586,Drew Bledsoe\BledDr00,2006,34,DAL,6,6,90,169,1164,7,8,16
587,Kyle Boller\BollKy00,2003,22,BAL,11,9,116,224,1260,7,9,17
588,Brooks Bollinger\BollBr00,2005,26,NYJ,11,9,150,266,1558,7,6,32
589,Mark Brunell\BrunMa00,2004,34,WAS,9,9,118,237,1194,7,6,15
590,Quincy Carter\CartQu00,2002,25,DAL,7,7,125,221,1465,7,8,19
591,Tim Couch\CoucTi00,2000,23,CLE,7,7,137,215,1483,7,9,10
592,Tim Couch\CoucTi00,2003,26,CLE,10,8,120,203,1319,7,6,19
593,Trent Dilfer\DilfTr00,2001,29,SEA,6,4,73,122,1014,7,4,10
594,Trent Dilfer\DilfTr00,2007,35,SFO,7,6,113,219,1166,7,12,27
595,Trent Edwards\EdwaTr01,2007,24,BUF,10,9,151,269,1630,7,8,12
596,Jay Fiedler\FiedJa00,2004,33,MIA,8,7,101,190,1186,7,8,25
597,Ryan Fitzpatrick\FitzRy00,2017,35,TAM,6,3,96,163,1103,7,3,7
598,Nick Foles\FoleNi00,2015,26,STL,11,11,190,337,2052,7,10,14
599,Gus Frerotte\FrerGu00,2007,36,STL,8,3,94,167,1014,7,12,11
600,Jimmy Garoppolo\GaroJi00,2017,26,SFO,6,5,120,178,1560,7,5,8
601,Jeff George\GeorJe00,2000,33,WAS,6,5,113,194,1389,7,6,12
602,Trent Green\GreeTr00,2006,36,KAN,8,8,121,198,1342,7,9,24
603,Brian Griese\GrieBr00,2005,30,TAM,6,6,112,174,1136,7,7,12
604,Rex Grossman\GrosRe00,2010,30,WAS,4,3,74,133,884,7,4,9
605,Joey Harrington\HarrJo00,2007,29,ATL,12,10,215,348,2215,7,8,32
606,Matt Hasselbeck\HassMa00,2012,37,TEN,8,5,138,221,1367,7,5,14
607,Matt Hasselbeck\HassMa00,2001,26,SEA,13,12,176,321,2023,7,8,38
608,Chad Hutchinson\HutcCh00,2002,25,DAL,9,9,127,250,1555,7,8,34
609,Kevin Kolb\KolbKe00,2010,26,PHI,7,5,115,189,1197,7,7,15
610,Byron Leftwich\LeftBy00,2006,26,JAX,6,6,108,183,1159,7,5,9
611,Johnny Manziel\ManzJo00,2015,23,CLE,10,6,129,223,1500,7,5,19
612,Jamie Martin\MartJa00,2002,32,STL,5,2,124,195,1216,7,10,10
613,Mike McMahon\McMaMi00,2002,23,DET,8,4,62,147,874,7,9,12
614,Christian Ponder\PondCh00,2013,25,MIN,9,9,152,239,1648,7,9,27
615,Terrelle Pryor\PryoTe00,2013,24,OAK,11,9,156,272,1798,7,11,31
616,Tim Rattay\RattTi00,2003,26,SFO,11,3,73,118,856,7,2,7
617,Chris Redman\RedmCh00,2002,25,BAL,6,6,97,182,1034,7,3,11
618,Drew Stanton\StanDr00,2014,30,ARI,9,8,132,240,1711,7,5,11
619,Kordell Stewart\StewKo00,2003,31,CHI,9,7,126,251,1418,7,12,25
620,Vinny Testaverde\TestVi00,2003,40,NYJ,7,7,123,198,1385,7,2,6
621,Mitch Trubisky\TrubMi00,2017,23,CHI,12,12,196,330,2193,7,7,31
622,Charlie Whitehurst\WhitCh02,2014,32,TEN,7,5,105,185,1326,7,2,18
623,Steve Beuerlein\BeueSt00,2002,37,DEN,8,3,68,117,925,6,5,12
624,Sam Bradford\BradSa00,2011,24,STL,10,10,191,357,2164,6,6,36
625,Jason Campbell\CampJa00,2011,30,OAK,6,6,100,165,1170,6,4,5
626,Matt Cassel\CassMa00,2012,30,KAN,9,8,161,277,1796,6,12,19
627,Kerry Collins\CollKe00,2009,37,TEN,7,6,119,216,1225,6,8,6
628,Brodie Croyle\CroyBr00,2007,24,KAN,9,6,127,224,1227,6,6,17
629,Daunte Culpepper\CulpDa00,2005,28,MIN,7,7,139,216,1564,6,12,31
630,Randall Cunningham\CunnRa00,2000,37,DAL,6,3,74,125,849,6,4,8
631,Ken Dorsey\DorsKe00,2004,23,SFO,8,7,123,226,1231,6,9,13
632,Trent Edwards\EdwaTr01,2009,26,BUF,8,7,110,183,1169,6,7,23
633,A.J. Feeley\FeelA.00,2002,25,PHI,6,5,86,154,1011,6,5,7
634,Nick Foles\FoleNi00,2012,23,PHI,7,6,161,265,1699,6,5,20
635,Blaine Gabbert\GabbBl00,2017,28,ARI,5,5,95,171,1086,6,6,23
636,Rich Gannon\GannRi00,2003,38,OAK,7,7,125,225,1274,6,4,17
637,Bruce Gradkowski\GradBr00,2009,26,OAK,7,4,82,150,1007,6,3,11
638,Brian Hoyer\HoyeBr00,2016,31,CHI,6,5,134,200,1445,6,0,4
639,Colin Kaepernick\KaepCo00,2015,28,SFO,9,8,144,244,1615,6,5,28
640,Cody Kessler\KessCo00,2016,23,CLE,9,8,128,195,1380,6,2,21
641,Cleo Lemon\LemoCl00,2007,28,MIA,9,7,173,309,1773,6,6,25
642,Eli Manning\MannEl00,2004,23,NYG,9,7,95,197,1043,6,9,13
643,A.J. McCarron\McCaA.00,2015,25,CIN,7,3,79,119,854,6,2,12
644,Josh McCown\McCoJo01,2016,37,CLE,5,3,90,165,1100,6,6,18
645,Colt McCoy\McCoCo00,2010,24,CLE,8,8,135,222,1576,6,9,23
646,Dan Orlovsky\OrloDa00,2011,28,IND,8,5,122,193,1201,6,4,14
647,Curtis Painter\PainCu00,2011,26,IND,9,8,132,243,1541,6,9,16
648,Sage Rosenfels\RoseSa00,2008,30,HOU,6,5,116,174,1431,6,10,9
649,Drew Stanton\StanDr00,2017,33,ARI,5,4,79,159,894,6,5,7
650,Kordell Stewart\StewKo00,2002,30,PIT,7,5,109,166,1155,6,6,7
651,Kurt Warner*\WarnKu00,2006,35,ARI,6,5,108,168,1377,6,5,14
652,Kurt Warner*\WarnKu00,2004,33,NYG,10,9,174,277,2054,6,4,39
653,Anthony Wright\WrigAn00,2005,29,BAL,9,7,164,266,1582,6,9,19
654,Derek Anderson\AndeDe00,2006,23,CLE,5,3,66,117,793,5,8,8
655,Tony Banks\BankTo00,2003,30,HOU,7,3,61,102,693,5,3,13
656,Marc Bulger\BulgMa00,2009,32,STL,9,8,140,247,1469,5,6,14
657,Quincy Carter\CartQu00,2001,24,DAL,8,8,90,176,1072,5,7,12
658,Matt Cassel\CassMa00,2015,33,2TM,10,8,119,204,1276,5,7,14
659,Kellen Clemens\ClemKe00,2007,24,NYJ,10,8,130,250,1529,5,10,27
660,Todd Collins\CollTo00,2007,36,WAS,4,3,67,105,888,5,0,7
661,Daunte Culpepper\CulpDa00,2007,30,OAK,7,6,108,186,1331,5,5,21
662,A.J. Feeley\FeelA.00,2007,30,PHI,3,2,59,103,681,5,8,3
663,Nick Foles\FoleNi00,2017,28,PHI,7,3,57,101,537,5,2,5
664,Blaine Gabbert\GabbBl00,2016,27,SFO,6,5,91,160,925,5,6,11
665,Jared Goff\GoffJa00,2016,22,LAR,7,7,112,205,1089,5,7,26
666,Bruce Gradkowski\GradBr00,2010,27,OAK,6,4,83,157,1059,5,7,10
667,Trent Green\GreeTr00,2007,37,MIA,5,5,85,141,987,5,7,7
668,Brian Griese\GrieBr00,2003,28,MIA,5,5,74,130,813,5,6,12
669,Brian Griese\GrieBr00,2008,33,TAM,5,5,110,184,1073,5,7,9
670,Matt Hasselbeck\HassMa00,2008,33,SEA,7,7,109,209,1216,5,10,19
671,Tim Hasselbeck\HassTi00,2003,25,WAS,7,5,95,177,1012,5,7,9
672,Shaun Hill\HillSh00,2009,29,SFO,6,6,87,155,943,5,2,18
673,Rob Johnson\JohnRo00,2001,28,BUF,8,8,134,216,1465,5,7,31
674,Jon Kitna\KitnJo00,2004,32,CIN,4,3,61,104,623,5,4,6
675,Jon Kitna\KitnJo00,2008,36,DET,4,4,68,120,758,5,5,15
676,Jake Locker\LockJa00,2014,26,TEN,7,5,86,146,993,5,7,14
677,Ryan Mallett\MallRy00,2015,27,2TM,8,6,136,244,1336,5,6,6
678,EJ Manuel\ManuEJ00,2014,24,BUF,5,4,76,131,838,5,3,6
679,Jamie Martin\MartJa00,2005,35,STL,8,5,124,177,1277,5,7,11
680,Shane Matthews\MattSh00,2001,31,CHI,4,3,84,129,694,5,6,6
681,Josh McCown\McCoJo01,2003,24,ARI,8,3,95,166,1018,5,6,25
682,Luke McCown\McCoLu00,2007,26,TAM,5,3,94,139,1009,5,3,15
683,Mike McMahon\McMaMi00,2005,26,PHI,9,7,94,207,1158,5,8,19
684,Matt Moore\MoorMa01,2010,26,CAR,6,5,79,143,857,5,10,13
685,Brock Osweiler\OsweBr00,2017,27,DEN,6,4,96,172,1088,5,5,10
686,Tony Romo\RomoTo00,2015,35,DAL,4,4,83,121,884,5,7,6
687,Tom Savage\SavaTo00,2017,27,HOU,8,7,125,223,1412,5,6,21
688,Troy Smith\SmitTr02,2010,26,SFO,6,6,73,145,1176,5,4,18
689,Vinny Testaverde\TestVi00,2007,44,CAR,7,6,94,172,952,5,6,9
690,Michael Vick\VickMi00,2013,33,PHI,7,6,77,141,1215,5,3,15
691,Brandon Weeden\WeedBr00,2015,32,2TM,6,4,97,140,1043,5,2,10
692,C.J. Beathard\BeatC.00,2017,24,SFO,7,5,123,224,1430,4,6,19
693,Chris Chandler\ChanCh00,2002,37,CHI,9,7,103,161,1023,4,4,23
694,Kirk Cousins\CousKi00,2013,25,WAS,5,3,81,155,854,4,7,5
695,Daunte Culpepper\CulpDa00,2008,31,DET,5,5,60,115,786,4,6,14
696,Jay Cutler\CutlJa00,2016,33,CHI,5,5,81,137,1059,4,5,17
697,Trent Dilfer\DilfTr00,2002,30,SEA,6,6,94,168,1182,4,6,7
698,Ryan Fitzpatrick\FitzRy00,2005,23,STL,4,3,76,135,777,4,8,9
699,Charlie Frye\FryeCh00,2005,24,CLE,7,5,98,164,1002,4,5,22
700,David Garrard\GarrDa00,2005,27,JAX,7,5,98,168,1117,4,1,8
701,Mike Glennon\GlenMi00,2017,28,CHI,4,4,93,140,833,4,5,8
702,Robert Griffin\GrifRo01,2014,24,WAS,9,7,147,214,1694,4,6,33
703,Rex Grossman\GrosRe00,2007,27,CHI,8,7,122,225,1411,4,7,25
704,Chad Henne\HennCh01,2011,26,MIA,4,4,64,112,868,4,4,11
705,Brian Hoyer\HoyeBr00,2017,32,2TM,11,6,123,211,1287,4,4,16
706,Chad Hutchinson\HutcCh00,2004,27,CHI,5,5,92,161,903,4,3,23
707,Josh Johnson\JohnJo05,2009,23,TAM,6,4,63,125,685,4,8,11
708,Case Keenum\KeenCa00,2015,27,STL,6,5,76,125,828,4,1,4
709,Byron Leftwich\LeftBy00,2009,29,TAM,3,3,58,107,594,4,3,2
710,Thaddeus Lewis\LewiTh01,2013,28,BUF,6,5,93,157,1092,4,3,18
711,J.P. Losman\LosmJ.00,2007,26,BUF,8,7,111,175,1204,4,6,14
712,Ray Lucas\LucaRa00,2002,30,MIA,7,6,92,160,1045,4,6,12
713,Colt McCoy\McCoCo00,2014,28,WAS,5,4,91,128,1057,4,3,17
714,Donovan McNabb\McNaDo00,2011,35,MIN,6,6,94,156,1026,4,2,16
715,Zach Mettenberger\MettZa00,2015,24,TEN,7,4,101,166,935,4,7,13
716,Kellen Moore\MoorKe02,2015,27,DAL,3,2,61,104,779,4,6,5
717,Matt Moore\MoorMa01,2017,33,MIA,4,2,78,127,861,4,5,12
718,Tim Rattay\RattTi00,2006,29,TAM,4,2,61,101,748,4,2,4
719,Chris Redman\RedmCh00,2009,32,ATL,6,2,69,119,781,4,3,8
720,Drew Stanton\StanDr00,2010,26,DET,6,3,69,119,780,4,3,6
721,Michael Vick\VickMi00,2003,23,ATL,5,4,50,100,585,4,3,9
722,Seneca Wallace\WallSe00,2010,30,CLE,8,4,64,101,694,4,2,6
723,Vince Young\YounVi00,2011,28,PHI,6,3,66,114,866,4,9,8
724,Derek Anderson\AndeDe00,2009,26,CLE,8,7,81,182,888,3,10,11
725,Kyle Boller\BollKy00,2009,28,STL,7,4,98,176,899,3,6,17
726,Aaron Brooks\BrooAa00,2006,30,OAK,8,8,110,192,1105,3,8,26
727,David Carr\CarrDa00,2007,28,CAR,6,4,73,136,635,3,5,13
728,Chris Chandler\ChanCh00,2003,38,CHI,8,6,107,192,1050,3,7,14
729,Jimmy Clausen\ClauJi00,2010,23,CAR,13,10,157,299,1558,3,9,33
730,Daunte Culpepper\CulpDa00,2009,32,DET,8,5,89,157,945,3,6,14
731,Ty Detmer\DetmTy00,2001,34,DET,4,4,92,151,906,3,10,12
732,Jeff Garcia\GarcJe00,2005,35,DET,6,5,102,173,937,3,6,6
733,Caleb Hanie\HaniCa00,2011,26,CHI,6,4,51,102,613,3,9,19
734,Brad Johnson\JohnBr00,2004,36,TAM,4,4,65,103,674,3,3,8
735,Craig Krenzel\KrenCr00,2004,23,CHI,6,5,59,127,718,3,6,23
736,Shane Matthews\MattSh00,2000,30,CHI,6,5,102,178,964,3,6,5
737,Mike McMahon\McMaMi00,2001,22,DET,8,3,53,115,671,3,1,21
738,Rick Mirer\MireRi00,2003,33,OAK,9,8,116,221,1267,3,5,22
739,Scott Mitchell\MitcSc00,2000,32,CIN,8,5,89,187,966,3,8,16
740,Matt Moore\MoorMa01,2007,23,CAR,9,3,63,111,730,3,5,6
741,Keith Null\NullKe00,2009,24,STL,4,4,73,119,566,3,9,13
742,Carson Palmer\PalmCa00,2008,29,CIN,4,4,75,129,731,3,4,11
743,Jesse Palmer\PalmJe00,2003,25,NYG,6,3,60,116,532,3,4,16
744,Bryce Petty\PettBr01,2016,25,NYJ,6,4,75,133,809,3,7,13
745,JaMarcus Russell\RussJa00,2009,24,OAK,12,9,120,246,1287,3,11,33
746,Akili Smith\SmitAk00,2000,25,CIN,12,11,118,267,1253,3,6,36
747,Michael Vick\VickMi00,2014,34,NYJ,10,3,64,121,604,3,2,19
748,Seneca Wallace\WallSe00,2009,29,SEA,13,2,78,120,700,3,2,9
749,Andrew Walter\WaltAn00,2006,24,OAK,12,8,147,276,1677,3,13,46
750,Kurt Warner*\WarnKu00,2002,31,STL,7,6,144,220,1431,3,11,21
751,T.J. Yates\YateT.00,2011,24,HOU,6,5,82,134,949,3,3,15
752,John Beck\BeckJo00,2011,30,WAS,4,3,80,132,858,2,4,16
753,Todd Bouman\BoumTo00,2005,33,NOR,16,3,68,122,722,2,7,8
754,Jimmy Clausen\ClauJi00,2015,28,2TM,5,3,72,125,739,2,4,7
755,Daunte Culpepper\CulpDa00,2006,29,MIA,4,4,81,134,929,2,3,21
756,Jake Delhomme\DelhJa00,2010,35,CLE,5,4,93,149,872,2,7,6
757,Trent Edwards\EdwaTr01,2010,27,2TM,5,3,55,101,521,2,5,11
758,Josh Freeman\FreeJo00,2013,25,2TM,4,4,63,147,761,2,4,8
759,Robert Griffin\GrifRo01,2016,26,CLE,5,5,87,147,886,2,3,22
760,Danny Kanell\KaneDa00,2000,27,ATL,5,1,57,116,524,2,5,8
761,Danny Kanell\KaneDa00,2003,30,DEN,5,2,53,103,442,2,5,2
762,Kurt Kittner\KittKu00,2003,23,ATL,7,4,44,114,391,2,6,5
763,Matt Leinart\LeinMa00,2007,24,ARI,5,5,60,112,647,2,4,4
764,J.P. Losman\LosmJ.00,2008,27,BUF,5,2,63,104,584,2,5,15
765,Steve McNair\McNaSt00,2007,34,BAL,6,6,133,205,1113,2,4,11
766,Tyler Palko\PalkTy00,2011,28,KAN,6,4,80,134,796,2,7,11
767,Doug Pederson\PedeDo00,2000,32,CLE,11,8,117,210,1047,2,8,17
768,Brady Quinn\QuinBr00,2012,28,KAN,10,8,112,197,1141,2,8,21